{
    "type": "ponticello.model.obj.CustomizableSynthDefObject",
    "name": "amp",
    "parameters": {
        "bus": {
            "type": "bus",
            "rate": "Audio",
            "channels": 2
        },
        "amp": {
            "type": "numerical",
            "defaultValue": "1",
            "min": "0.00",
            "max": "1",
            "warp": "lin",
            "step": "0.01",
            "lag": "0.01",
            "associatedColor": "0x000000ff"
        }
    },
    "color": "0xffa500ff",
    "ugenGraph": {
        "editor": {
            "variables": [
                "snd"
            ],
            "statements": [
                {
                    "_contentType": "ponticello.sc.editor.AssignmentEditor",
                    "assignee": "snd",
                    "expression": {
                        "_contentType": "ponticello.sc.editor.MessageSendEditor",
                        "receiver": "In",
                        "method": "ar",
                        "arguments": [
                            "bus",
                            "2"
                        ],
                        "disabled": false
                    },
                    "disabled": false
                },
                {
                    "_contentType": "ponticello.sc.editor.AssignmentEditor",
                    "assignee": "snd",
                    "expression": {
                        "_contentType": "ponticello.sc.editor.OperatorExprEditor",
                        "left": "snd",
                        "operator": "*",
                        "right": "amp",
                        "disabled": false
                    },
                    "disabled": false
                },
                {
                    "_contentType": "ponticello.sc.editor.MessageSendEditor",
                    "receiver": "ReplaceOut",
                    "method": "ar",
                    "arguments": [
                        "bus",
                        "snd"
                    ],
                    "disabled": false
                }
            ],
            "_type": "ponticello.sc.editor.CodeBlockEditor"
        },
        "controlArguments": {}
    }
}