{
    "type": "ponticello.model.obj.CustomizableSynthDefObject",
    "name": "feedback",
    "parameters": {
        "bus": {
            "type": "bus",
            "rate": "Audio",
            "channels": 2
        },
        "feedback": {
            "type": "numerical",
            "defaultValue": "1",
            "min": "0",
            "max": "1.2",
            "warp": "lin",
            "step": "0.01",
            "lag": "0.01"
        },
        "delay": {
            "type": "numerical",
            "defaultValue": "1",
            "min": "0.001",
            "max": "5",
            "warp": "exp",
            "step": "0.01"
        },
        "diffusion": {
            "type": "numerical",
            "defaultValue": "0",
            "min": "0",
            "max": "1",
            "warp": "lin",
            "step": "0.1"
        },
        "input_gate": {
            "type": "numerical",
            "defaultValue": "1",
            "min": "0",
            "max": "1",
            "warp": "lin",
            "step": "0.01"
        },
        "wet": {
            "type": "numerical",
            "defaultValue": "1",
            "min": "0",
            "max": "1",
            "warp": "lin",
            "step": "0.01"
        },
        "dry": {
            "type": "numerical",
            "defaultValue": "1",
            "min": "0",
            "max": "1",
            "warp": "lin",
            "step": "0.01"
        },
        "wet_pan": {
            "type": "numerical",
            "defaultValue": "0.0",
            "min": "-1.0",
            "max": "1.0",
            "warp": "lin",
            "step": "0.1",
            "associatedColor": "0x0000ffff"
        }
    },
    "color": "0xff0000ff",
    "ugenGraph": {
        "editor": {
            "variables": [
                "snd",
                "local",
                "diffused",
                "input"
            ],
            "statements": [
                {
                    "_contentType": "ponticello.sc.editor.AssignmentEditor",
                    "assignee": "input",
                    "expression": {
                        "_contentType": "ponticello.sc.editor.MessageSendEditor",
                        "receiver": "In",
                        "method": "ar",
                        "arguments": [
                            "bus",
                            "2"
                        ],
                        "disabled": false
                    },
                    "disabled": false
                },
                {
                    "_contentType": "ponticello.sc.editor.AssignmentEditor",
                    "assignee": "local",
                    "expression": {
                        "_contentType": "ponticello.sc.editor.OperatorExprEditor",
                        "left": {
                            "_contentType": "ponticello.sc.editor.MessageSendEditor",
                            "receiver": "LocalIn",
                            "method": "ar",
                            "arguments": [
                                "2"
                            ],
                            "disabled": false
                        },
                        "operator": "+",
                        "right": {
                            "_contentType": "ponticello.sc.editor.OperatorExprEditor",
                            "left": "input_gate",
                            "operator": "*",
                            "right": "input",
                            "disabled": false
                        },
                        "disabled": false
                    },
                    "disabled": false
                },
                {
                    "_contentType": "ponticello.sc.editor.AssignmentEditor",
                    "assignee": "diffused",
                    "expression": "local",
                    "disabled": false
                },
                {
                    "_contentType": "ponticello.sc.editor.MessageSendEditor",
                    "receiver": "2",
                    "method": "do",
                    "arguments": [
                        {
                            "_contentType": "ponticello.sc.editor.ScFunctionEditor",
                            "parameters": [],
                            "body": {
                                "variables": [],
                                "statements": [
                                    {
                                        "_contentType": "ponticello.sc.editor.AssignmentEditor",
                                        "assignee": "diffused",
                                        "expression": {
                                            "_contentType": "ponticello.sc.editor.MessageSendEditor",
                                            "receiver": "AllpassN",
                                            "method": "ar",
                                            "arguments": [
                                                "diffused",
                                                "0.1",
                                                {
                                                    "_contentType": "ponticello.sc.editor.MessageSendEditor",
                                                    "receiver": "Rand",
                                                    "method": "new",
                                                    "arguments": [
                                                        "0.01",
                                                        "0.05"
                                                    ],
                                                    "disabled": false
                                                }
                                            ],
                                            "disabled": false
                                        },
                                        "disabled": false
                                    }
                                ]
                            },
                            "disabled": false
                        }
                    ],
                    "disabled": false
                },
                {
                    "_contentType": "ponticello.sc.editor.AssignmentEditor",
                    "assignee": "local",
                    "expression": {
                        "_contentType": "ponticello.sc.editor.OperatorExprEditor",
                        "left": {
                            "_contentType": "ponticello.sc.editor.OperatorExprEditor",
                            "left": "diffusion",
                            "operator": "*",
                            "right": "diffused",
                            "disabled": false
                        },
                        "operator": "+",
                        "right": {
                            "_contentType": "ponticello.sc.editor.OperatorExprEditor",
                            "left": {
                                "_contentType": "ponticello.sc.editor.OperatorExprEditor",
                                "left": "1",
                                "operator": "-",
                                "right": "diffusion",
                                "disabled": false
                            },
                            "operator": "*",
                            "right": "local",
                            "disabled": false
                        },
                        "disabled": false
                    },
                    "disabled": false
                },
                {
                    "_contentType": "ponticello.sc.editor.AssignmentEditor",
                    "assignee": "local",
                    "expression": {
                        "_contentType": "ponticello.sc.editor.MessageSendEditor",
                        "receiver": "DelayL",
                        "method": "ar",
                        "arguments": [
                            "local",
                            {
                                "_contentType": "ponticello.sc.editor.NamedExprEditor",
                                "name": "maxdelaytime",
                                "value": "3",
                                "disabled": false
                            },
                            {
                                "_contentType": "ponticello.sc.editor.NamedExprEditor",
                                "name": "delaytime",
                                "value": "delay",
                                "disabled": false
                            }
                        ],
                        "disabled": false
                    },
                    "disabled": false
                },
                {
                    "_contentType": "ponticello.sc.editor.AssignmentEditor",
                    "assignee": "local",
                    "expression": {
                        "_contentType": "ponticello.sc.editor.OperatorExprEditor",
                        "left": "local",
                        "operator": "*",
                        "right": "feedback",
                        "disabled": false
                    },
                    "disabled": false
                },
                {
                    "_contentType": "ponticello.sc.editor.MessageSendEditor",
                    "receiver": "LocalOut",
                    "method": "ar",
                    "arguments": [
                        "local"
                    ],
                    "disabled": false
                },
                {
                    "_contentType": "ponticello.sc.editor.AssignmentEditor",
                    "assignee": "local",
                    "expression": {
                        "_contentType": "ponticello.sc.editor.MessageSendEditor",
                        "receiver": "Balance2",
                        "method": "ar",
                        "arguments": [
                            {
                                "_contentType": "ponticello.sc.editor.AccessKeyEditor",
                                "receiver": "local",
                                "key": "0",
                                "disabled": false
                            },
                            {
                                "_contentType": "ponticello.sc.editor.AccessKeyEditor",
                                "receiver": "local",
                                "key": "1",
                                "disabled": false
                            },
                            "wet_pan"
                        ],
                        "disabled": false
                    },
                    "disabled": false
                },
                {
                    "_contentType": "ponticello.sc.editor.AssignmentEditor",
                    "assignee": "snd",
                    "expression": {
                        "_contentType": "ponticello.sc.editor.OperatorExprEditor",
                        "left": {
                            "_contentType": "ponticello.sc.editor.OperatorExprEditor",
                            "left": "input",
                            "operator": "*",
                            "right": {
                                "_contentType": "ponticello.sc.editor.OperatorExprEditor",
                                "left": "input_gate",
                                "operator": "*",
                                "right": "dry",
                                "disabled": false
                            },
                            "disabled": false
                        },
                        "operator": "+",
                        "right": {
                            "_contentType": "ponticello.sc.editor.OperatorExprEditor",
                            "left": "local",
                            "operator": "*",
                            "right": "wet",
                            "disabled": false
                        },
                        "disabled": false
                    },
                    "disabled": false
                },
                {
                    "_contentType": "ponticello.sc.editor.MessageSendEditor",
                    "receiver": "ReplaceOut",
                    "method": "ar",
                    "arguments": [
                        "bus",
                        "snd"
                    ],
                    "disabled": false
                }
            ],
            "_type": "ponticello.sc.editor.CodeBlockEditor"
        },
        "controlArguments": {
            ".statements": {
                "[3]": {
                    ".editor": {
                        ".arguments": {
                            "[0]": {
                                ".editor": {
                                    "SINGLE_LINE_FUNCTION": true
                                }
                            }
                        }
                    }
                }
            }
        }
    }
}