{
    "type": "ponticello.model.obj.CustomizableSynthDefObject",
    "name": "flanger",
    "parameters": {
        "bus": {
            "type": "bus",
            "rate": "Audio",
            "channels": 2
        },
        "delay": {
            "type": "numerical",
            "defaultValue": "0.005",
            "min": "0",
            "max": "0.1",
            "warp": "lin",
            "step": "0.001",
            "lag": "0",
            "associatedColor": "0x0000ffff"
        },
        "rate": {
            "type": "numerical",
            "defaultValue": "1",
            "min": "0.1",
            "max": "200",
            "warp": "exp",
            "step": "0.01",
            "associatedColor": "0x800000ff"
        },
        "mix": {
            "type": "numerical",
            "defaultValue": "0.5 ",
            "min": "0",
            "max": "1",
            "warp": "lin",
            "step": "0.01"
        },
        "depth": {
            "type": "numerical",
            "defaultValue": "0",
            "min": "0",
            "max": "1",
            "warp": "lin",
            "step": "0.01",
            "lag": "0",
            "associatedColor": "0x800080ff"
        }
    },
    "color": "0xffa500ff",
    "ugenGraph": {
        "editor": {
            "variables": [
                "snd"
            ],
            "statements": [
                {
                    "_contentType": "ponticello.sc.editor.AssignmentEditor",
                    "assignee": "snd",
                    "expression": {
                        "_contentType": "ponticello.sc.editor.MessageSendEditor",
                        "receiver": "In",
                        "method": "ar",
                        "arguments": [
                            "bus",
                            "2"
                        ],
                        "disabled": false
                    },
                    "disabled": false
                },
                {
                    "_contentType": "ponticello.sc.editor.AssignmentEditor",
                    "assignee": "delay",
                    "expression": {
                        "_contentType": "ponticello.sc.editor.OperatorExprEditor",
                        "left": "delay",
                        "operator": "*",
                        "right": {
                            "_contentType": "ponticello.sc.editor.MessageSendEditor",
                            "receiver": {
                                "_contentType": "ponticello.sc.editor.MessageSendEditor",
                                "receiver": "SinOsc",
                                "method": "ar",
                                "arguments": [
                                    "rate"
                                ],
                                "disabled": false
                            },
                            "method": "range",
                            "arguments": [
                                {
                                    "_contentType": "ponticello.sc.editor.OperatorExprEditor",
                                    "left": "1",
                                    "operator": "-",
                                    "right": "depth",
                                    "disabled": false
                                },
                                "1"
                            ],
                            "disabled": false
                        },
                        "disabled": false
                    },
                    "disabled": false
                },
                {
                    "_contentType": "ponticello.sc.editor.AssignmentEditor",
                    "assignee": "snd",
                    "expression": {
                        "_contentType": "ponticello.sc.editor.MessageSendEditor",
                        "receiver": "DelayC",
                        "method": "ar",
                        "arguments": [
                            "snd",
                            {
                                "_contentType": "ponticello.sc.editor.NamedExprEditor",
                                "name": "maxdelaytime",
                                "value": "0.2",
                                "disabled": false
                            },
                            {
                                "_contentType": "ponticello.sc.editor.NamedExprEditor",
                                "name": "delaytime",
                                "value": "delay",
                                "disabled": false
                            }
                        ],
                        "disabled": false
                    },
                    "disabled": false
                },
                {
                    "_contentType": "ponticello.sc.editor.MessageSendEditor",
                    "receiver": "XOut",
                    "method": "ar",
                    "arguments": [
                        "bus",
                        "mix",
                        "snd"
                    ],
                    "disabled": false
                }
            ],
            "_type": "ponticello.sc.editor.CodeBlockEditor"
        },
        "controlArguments": {}
    }
}