{
    "type": "ponticello.model.obj.CustomizableSynthDefObject",
    "name": "granulator",
    "parameters": {
        "buf": {
            "type": "buffer",
            "channels": 1
        },
        "grain_freq": {
            "type": "numerical",
            "defaultValue": "1",
            "min": "0.1",
            "max": "500",
            "warp": "exp",
            "step": "0.1",
            "associatedColor": "0xff00ffff"
        },
        "rate": {
            "type": "numerical",
            "defaultValue": "1",
            "min": "0.1",
            "max": "12",
            "warp": "exp",
            "step": "0.01",
            "associatedColor": "0x00ff00ff"
        },
        "grain_dur": {
            "type": "numerical",
            "defaultValue": "0.1",
            "min": "0",
            "max": "1",
            "warp": "lin",
            "step": "0.01",
            "associatedColor": "0xff0000ff"
        },
        "center": {
            "type": "numerical",
            "defaultValue": "0.0",
            "min": "-1.0",
            "max": "1.0",
            "warp": "lin",
            "step": "0.1",
            "associatedColor": "0x0000ffff"
        },
        "out": {
            "type": "bus",
            "rate": "Audio",
            "channels": 2
        },
        "stereo": {
            "type": "numerical",
            "defaultValue": "0",
            "min": "0",
            "max": "1",
            "warp": "lin",
            "step": "0.01",
            "associatedColor": "0x808000ff"
        },
        "pos_noise": {
            "type": "numerical",
            "defaultValue": "0.01",
            "min": "0.01",
            "max": "1",
            "warp": "exp",
            "step": "0.01",
            "associatedColor": "0x800080ff"
        },
        "amp_env": {
            "type": "numerical",
            "defaultValue": "1",
            "min": "0",
            "max": "1",
            "warp": "lin",
            "step": "0.01",
            "associatedColor": "0x000000ff"
        },
        "pos": {
            "type": "numerical",
            "defaultValue": "0",
            "min": "0",
            "max": "1",
            "warp": "lin",
            "step": "0.01",
            "lag": "0.01"
        },
        "pos_rate": {
            "type": "numerical",
            "defaultValue": "1",
            "min": "0.01",
            "max": "100",
            "warp": "exp",
            "step": "0.01"
        },
        "delta_pos": {
            "type": "numerical",
            "defaultValue": "0",
            "min": "-1",
            "max": "1",
            "warp": "lin",
            "step": "0.01"
        },
        "level": {
            "type": "numerical",
            "defaultValue": "0",
            "min": "-60",
            "max": "12",
            "warp": "lin",
            "step": "0.1",
            "associatedColor": "0x994d00ff",
            "inlineDisplay": true,
            "attackRelease": true
        }
    },
    "color": "0x00ffffff",
    "ugenGraph": {
        "editor": {
            "variables": [
                "snd",
                "pan"
            ],
            "statements": [
                {
                    "_contentType": "ponticello.sc.editor.AssignmentEditor",
                    "assignee": "pan",
                    "expression": {
                        "_contentType": "ponticello.sc.editor.OperatorExprEditor",
                        "left": "center",
                        "operator": "+",
                        "right": {
                            "_contentType": "ponticello.sc.editor.MessageSendEditor",
                            "receiver": "LFNoise0",
                            "method": "ar",
                            "arguments": [
                                "grain_freq",
                                "stereo"
                            ],
                            "disabled": false
                        },
                        "disabled": false
                    },
                    "disabled": false
                },
                {
                    "_contentType": "ponticello.sc.editor.AssignmentEditor",
                    "assignee": "pos",
                    "expression": {
                        "_contentType": "ponticello.sc.editor.OperatorExprEditor",
                        "left": "pos",
                        "operator": "+",
                        "right": {
                            "_contentType": "ponticello.sc.editor.MessageSendEditor",
                            "receiver": "LFNoise0",
                            "method": "ar",
                            "arguments": [
                                "grain_freq",
                                "pos_noise"
                            ],
                            "disabled": false
                        },
                        "disabled": false
                    },
                    "disabled": false
                },
                {
                    "_contentType": "ponticello.sc.editor.AssignmentEditor",
                    "assignee": "pos",
                    "expression": {
                        "_contentType": "ponticello.sc.editor.OperatorExprEditor",
                        "left": "pos",
                        "operator": "+",
                        "right": {
                            "_contentType": "ponticello.sc.editor.MessageSendEditor",
                            "receiver": {
                                "_contentType": "ponticello.sc.editor.MessageSendEditor",
                                "receiver": "SinOsc",
                                "method": "ar",
                                "arguments": [
                                    "pos_rate"
                                ],
                                "disabled": false
                            },
                            "method": "unipolar",
                            "arguments": [
                                "delta_pos"
                            ],
                            "disabled": false
                        },
                        "disabled": false
                    },
                    "disabled": false
                },
                {
                    "_contentType": "ponticello.sc.editor.AssignmentEditor",
                    "assignee": "snd",
                    "expression": {
                        "_contentType": "ponticello.sc.editor.MessageSendEditor",
                        "receiver": "GrainBuf",
                        "method": "ar",
                        "arguments": [
                            "2",
                            {
                                "_contentType": "ponticello.sc.editor.MessageSendEditor",
                                "receiver": "Impulse",
                                "method": "ar",
                                "arguments": [
                                    "grain_freq"
                                ],
                                "disabled": false
                            },
                            "grain_dur",
                            "buf",
                            {
                                "_contentType": "ponticello.sc.editor.NamedExprEditor",
                                "name": "pos",
                                "value": "pos",
                                "disabled": false
                            },
                            {
                                "_contentType": "ponticello.sc.editor.NamedExprEditor",
                                "name": "pan",
                                "value": "pan",
                                "disabled": false
                            },
                            {
                                "_contentType": "ponticello.sc.editor.NamedExprEditor",
                                "name": "rate",
                                "value": "rate",
                                "disabled": false
                            }
                        ],
                        "disabled": false
                    },
                    "disabled": false
                },
                {
                    "_contentType": "ponticello.sc.editor.AssignmentEditor",
                    "assignee": "snd",
                    "expression": {
                        "_contentType": "ponticello.sc.editor.OperatorExprEditor",
                        "left": "snd",
                        "operator": "*",
                        "right": "amp_env",
                        "disabled": false
                    },
                    "disabled": false
                },
                {
                    "_contentType": "ponticello.sc.editor.AssignmentEditor",
                    "assignee": "snd",
                    "expression": {
                        "_contentType": "ponticello.sc.editor.OperatorExprEditor",
                        "left": "snd",
                        "operator": "*",
                        "right": {
                            "_contentType": "ponticello.sc.editor.MessageSendEditor",
                            "receiver": "level",
                            "method": "dbamp",
                            "arguments": [],
                            "disabled": false
                        },
                        "disabled": false
                    },
                    "disabled": false
                },
                {
                    "_contentType": "ponticello.sc.editor.MessageSendEditor",
                    "receiver": "Out",
                    "method": "ar",
                    "arguments": [
                        "out",
                        "snd"
                    ],
                    "disabled": false
                }
            ],
            "_type": "ponticello.sc.editor.CodeBlockEditor"
        },
        "controlArguments": {}
    }
}