{
    "type": "ponticello.model.obj.CustomizableSynthDefObject",
    "name": "lfnoise",
    "parameters": {
        "center": {
            "type": "numerical",
            "defaultValue": "0",
            "min": "-1",
            "max": "1",
            "warp": "lin",
            "step": "0.01"
        },
        "depth": {
            "type": "numerical",
            "defaultValue": "0",
            "min": "0",
            "max": "1",
            "warp": "lin",
            "step": "0.01",
            "associatedColor": "0x008080ff"
        },
        "period": {
            "type": "numerical",
            "defaultValue": "1",
            "min": "0.1",
            "max": "50",
            "warp": "exp",
            "step": "0.01"
        },
        "out": {
            "type": "bus",
            "rate": "Control",
            "channels": 1
        }
    },
    "color": "0x00ff00ff",
    "ugenGraph": {
        "editor": {
            "variables": [
                "sig"
            ],
            "statements": [
                {
                    "_contentType": "ponticello.sc.editor.AssignmentEditor",
                    "assignee": "sig",
                    "expression": {
                        "_contentType": "ponticello.sc.editor.OperatorExprEditor",
                        "left": "center",
                        "operator": "+",
                        "right": {
                            "_contentType": "ponticello.sc.editor.MessageSendEditor",
                            "receiver": "LFDNoise1",
                            "method": "kr",
                            "arguments": [
                                {
                                    "_contentType": "ponticello.sc.editor.OperatorExprEditor",
                                    "left": "1",
                                    "operator": "/",
                                    "right": "period",
                                    "disabled": false
                                },
                                "depth"
                            ],
                            "disabled": false
                        },
                        "disabled": false
                    },
                    "disabled": false
                },
                {
                    "_contentType": "ponticello.sc.editor.MessageSendEditor",
                    "receiver": "Out",
                    "method": "kr",
                    "arguments": [
                        "out",
                        "sig"
                    ],
                    "disabled": false
                }
            ],
            "_type": "ponticello.sc.editor.CodeBlockEditor"
        },
        "controlArguments": {}
    }
}