{
    "type": "ponticello.model.obj.CustomizableSynthDefObject",
    "name": "limiter",
    "parameters": {
        "bus": {
            "type": "bus",
            "rate": "Audio",
            "channels": 2
        },
        "dur": {
            "type": "numerical",
            "defaultValue": "0.1",
            "min": "0.01",
            "max": "1",
            "warp": "lin",
            "step": "0.01"
        },
        "level": {
            "type": "numerical",
            "defaultValue": "0",
            "min": "-60",
            "max": "0",
            "warp": "lin",
            "step": "1",
            "associatedColor": "0x994d00ff",
            "inlineDisplay": true,
            "attackRelease": true
        }
    },
    "color": "0x800080ff",
    "ugenGraph": {
        "editor": {
            "variables": [
                "snd"
            ],
            "statements": [
                {
                    "_contentType": "ponticello.sc.editor.AssignmentEditor",
                    "assignee": "snd",
                    "expression": {
                        "_contentType": "ponticello.sc.editor.MessageSendEditor",
                        "receiver": "In",
                        "method": "ar",
                        "arguments": [
                            "bus",
                            "2"
                        ],
                        "disabled": false
                    },
                    "disabled": false
                },
                {
                    "_contentType": "ponticello.sc.editor.AssignmentEditor",
                    "assignee": "snd",
                    "expression": {
                        "_contentType": "ponticello.sc.editor.MessageSendEditor",
                        "receiver": "LeakDC",
                        "method": "ar",
                        "arguments": [
                            "snd"
                        ],
                        "disabled": false
                    },
                    "disabled": false
                },
                {
                    "_contentType": "ponticello.sc.editor.AssignmentEditor",
                    "assignee": "snd",
                    "expression": {
                        "_contentType": "ponticello.sc.editor.MessageSendEditor",
                        "receiver": "Limiter",
                        "method": "ar",
                        "arguments": [
                            "snd",
                            {
                                "_contentType": "ponticello.sc.editor.MessageSendEditor",
                                "receiver": "level",
                                "method": "dbamp",
                                "arguments": [],
                                "disabled": false
                            },
                            "dur"
                        ],
                        "disabled": false
                    },
                    "disabled": false
                },
                {
                    "_contentType": "ponticello.sc.editor.MessageSendEditor",
                    "receiver": "ReplaceOut",
                    "method": "ar",
                    "arguments": [
                        "bus",
                        "snd"
                    ],
                    "disabled": false
                }
            ],
            "_type": "ponticello.sc.editor.CodeBlockEditor"
        },
        "controlArguments": {}
    }
}