{
    "type": "ponticello.model.obj.CustomizableSynthDefObject",
    "name": "lpf",
    "parameters": {
        "bus": {
            "type": "bus",
            "rate": "Audio",
            "channels": 2
        },
        "freq": {
            "type": "numerical",
            "defaultValue": "440",
            "min": "20",
            "max": "20000",
            "warp": "exp",
            "step": "1",
            "associatedColor": "0x00ffffff"
        },
        "fade": {
            "type": "numerical",
            "defaultValue": "1",
            "min": "0",
            "max": "1",
            "warp": "lin",
            "step": "0.01",
            "attackRelease": true
        }
    },
    "color": "0x0000ffff",
    "ugenGraph": {
        "editor": {
            "variables": [
                "snd"
            ],
            "statements": [
                {
                    "_contentType": "ponticello.sc.editor.AssignmentEditor",
                    "assignee": "snd",
                    "expression": {
                        "_contentType": "ponticello.sc.editor.MessageSendEditor",
                        "receiver": "In",
                        "method": "ar",
                        "arguments": [
                            "bus",
                            "2"
                        ],
                        "disabled": false
                    },
                    "disabled": false
                },
                {
                    "_contentType": "ponticello.sc.editor.AssignmentEditor",
                    "assignee": "snd",
                    "expression": {
                        "_contentType": "ponticello.sc.editor.MessageSendEditor",
                        "receiver": "LPF",
                        "method": "ar",
                        "arguments": [
                            "snd",
                            "freq"
                        ],
                        "disabled": false
                    },
                    "disabled": false
                },
                {
                    "_contentType": "ponticello.sc.editor.MessageSendEditor",
                    "receiver": "XOut",
                    "method": "ar",
                    "arguments": [
                        "bus",
                        "fade",
                        "snd"
                    ],
                    "disabled": false
                }
            ],
            "_type": "ponticello.sc.editor.CodeBlockEditor"
        },
        "controlArguments": {}
    }
}