{
    "type": "ponticello.model.obj.CustomizableSynthDefObject",
    "name": "pan",
    "parameters": {
        "bus": {
            "type": "bus",
            "rate": "Audio",
            "channels": 2
        },
        "pan": {
            "type": "numerical",
            "defaultValue": "0.0",
            "min": "-1.0",
            "max": "1.0",
            "warp": "lin",
            "step": "0.1",
            "associatedColor": "0x0000ffff"
        },
        "mix": {
            "type": "numerical",
            "defaultValue": "1",
            "min": "0",
            "max": "1",
            "warp": "lin",
            "step": "0.01",
            "associatedColor": "0xff00ffff"
        }
    },
    "color": "0xffffffff",
    "ugenGraph": {
        "editor": {
            "variables": [
                "snd"
            ],
            "statements": [
                {
                    "_contentType": "ponticello.sc.editor.AssignmentEditor",
                    "assignee": "snd",
                    "expression": {
                        "_contentType": "ponticello.sc.editor.MessageSendEditor",
                        "receiver": "In",
                        "method": "ar",
                        "arguments": [
                            "bus",
                            "2"
                        ],
                        "disabled": false
                    },
                    "disabled": false
                },
                {
                    "_contentType": "ponticello.sc.editor.AssignmentEditor",
                    "assignee": "snd",
                    "expression": {
                        "_contentType": "ponticello.sc.editor.MessageSendEditor",
                        "receiver": "Pan2",
                        "method": "ar",
                        "arguments": [
                            {
                                "_contentType": "ponticello.sc.editor.MessageSendEditor",
                                "receiver": "snd",
                                "method": "sum",
                                "arguments": [],
                                "disabled": false
                            },
                            "pan"
                        ],
                        "disabled": false
                    },
                    "disabled": false
                },
                {
                    "_contentType": "ponticello.sc.editor.MessageSendEditor",
                    "receiver": "XOut",
                    "method": "ar",
                    "arguments": [
                        "bus",
                        "mix",
                        "snd"
                    ],
                    "disabled": false
                }
            ],
            "_type": "ponticello.sc.editor.CodeBlockEditor"
        },
        "controlArguments": {}
    }
}