{
    "type": "ponticello.model.obj.CustomizableSynthDefObject",
    "name": "percussive",
    "parameters": {
        "buf": {
            "type": "buffer",
            "channels": 2
        },
        "rate": {
            "type": "numerical",
            "defaultValue": "1",
            "min": "0.1",
            "max": "10",
            "warp": "lin",
            "step": "0.1",
            "associatedColor": "0x008080ff"
        },
        "out": {
            "type": "bus",
            "rate": "Audio",
            "channels": 2
        },
        "pan": {
            "type": "numerical",
            "defaultValue": "0.0",
            "min": "-1.0",
            "max": "1.0",
            "warp": "lin",
            "step": "0.1",
            "associatedColor": "0x0000ffff"
        },
        "startPos": {
            "type": "BufPos"
        },
        "reverb_room": {
            "type": "numerical",
            "defaultValue": "0",
            "min": "0",
            "max": "1",
            "warp": "lin",
            "step": "0.05"
        },
        "reverb_mix": {
            "type": "numerical",
            "defaultValue": "0",
            "min": "0",
            "max": "1",
            "warp": "lin",
            "step": "0.01"
        },
        "level": {
            "type": "numerical",
            "defaultValue": "0",
            "min": "-60",
            "max": "12",
            "warp": "lin",
            "step": "0.1",
            "associatedColor": "0x994d00ff",
            "inlineDisplay": true,
            "attackRelease": true
        }
    },
    "color": "0xff0000ff",
    "ugenGraph": {
        "editor": {
            "variables": [
                "snd"
            ],
            "statements": [
                {
                    "_contentType": "ponticello.sc.editor.AssignmentEditor",
                    "assignee": "rate",
                    "expression": {
                        "_contentType": "ponticello.sc.editor.OperatorExprEditor",
                        "left": {
                            "_contentType": "ponticello.sc.editor.OperatorExprEditor",
                            "left": {
                                "_contentType": "ponticello.sc.editor.MessageSendEditor",
                                "receiver": "BufRateScale",
                                "method": "ir",
                                "arguments": [
                                    "buf"
                                ],
                                "disabled": false
                            },
                            "operator": "*",
                            "right": "rate",
                            "disabled": false
                        },
                        "operator": "*",
                        "right": "rate",
                        "disabled": false
                    },
                    "disabled": false
                },
                {
                    "_contentType": "ponticello.sc.editor.AssignmentEditor",
                    "assignee": "startPos",
                    "expression": {
                        "_contentType": "ponticello.sc.editor.OperatorExprEditor",
                        "left": "startPos",
                        "operator": "*",
                        "right": {
                            "_contentType": "ponticello.sc.editor.OperatorExprEditor",
                            "left": {
                                "_contentType": "ponticello.sc.editor.MessageSendEditor",
                                "receiver": "BufRateScale",
                                "method": "ir",
                                "arguments": [
                                    "buf"
                                ],
                                "disabled": false
                            },
                            "operator": "*",
                            "right": {
                                "_contentType": "ponticello.sc.editor.MessageSendEditor",
                                "receiver": "SampleRate",
                                "method": "ir",
                                "arguments": [
                                    "buf"
                                ],
                                "disabled": false
                            },
                            "disabled": false
                        },
                        "disabled": false
                    },
                    "disabled": false
                },
                {
                    "_contentType": "ponticello.sc.editor.AssignmentEditor",
                    "assignee": "snd",
                    "expression": {
                        "_contentType": "ponticello.sc.editor.MessageSendEditor",
                        "receiver": "PlayBuf",
                        "method": "ar",
                        "arguments": [
                            "2",
                            "buf",
                            "rate",
                            {
                                "_contentType": "ponticello.sc.editor.NamedExprEditor",
                                "name": "loop",
                                "value": "1",
                                "disabled": false
                            },
                            {
                                "_contentType": "ponticello.sc.editor.NamedExprEditor",
                                "name": "startPos",
                                "value": "startPos",
                                "disabled": false
                            }
                        ],
                        "disabled": false
                    },
                    "disabled": false
                },
                {
                    "_contentType": "ponticello.sc.editor.AssignmentEditor",
                    "assignee": "snd",
                    "expression": {
                        "_contentType": "ponticello.sc.editor.MessageSendEditor",
                        "receiver": "FreeVerb",
                        "method": "ar",
                        "arguments": [
                            "snd",
                            "reverb_mix",
                            "reverb_room"
                        ],
                        "disabled": false
                    },
                    "disabled": false
                },
                {
                    "_contentType": "ponticello.sc.editor.AssignmentEditor",
                    "assignee": "snd",
                    "expression": {
                        "_contentType": "ponticello.sc.editor.OperatorExprEditor",
                        "left": "snd",
                        "operator": "*",
                        "right": {
                            "_contentType": "ponticello.sc.editor.MessageSendEditor",
                            "receiver": {
                                "_contentType": "ponticello.sc.editor.MessageSendEditor",
                                "receiver": "Env",
                                "method": "perc",
                                "arguments": [
                                    "attack",
                                    "release"
                                ],
                                "disabled": false
                            },
                            "method": "kr",
                            "arguments": [],
                            "disabled": false
                        },
                        "disabled": false
                    },
                    "disabled": false
                },
                {
                    "_contentType": "ponticello.sc.editor.AssignmentEditor",
                    "assignee": "snd",
                    "expression": {
                        "_contentType": "ponticello.sc.editor.MessageSendEditor",
                        "receiver": "snd",
                        "method": "sum",
                        "arguments": [],
                        "disabled": false
                    },
                    "disabled": false
                },
                {
                    "_contentType": "ponticello.sc.editor.AssignmentEditor",
                    "assignee": "snd",
                    "expression": {
                        "_contentType": "ponticello.sc.editor.OperatorExprEditor",
                        "left": "snd",
                        "operator": "*",
                        "right": {
                            "_contentType": "ponticello.sc.editor.MessageSendEditor",
                            "receiver": "level",
                            "method": "dbamp",
                            "arguments": [],
                            "disabled": false
                        },
                        "disabled": false
                    },
                    "disabled": false
                },
                {
                    "_contentType": "ponticello.sc.editor.AssignmentEditor",
                    "assignee": "snd",
                    "expression": {
                        "_contentType": "ponticello.sc.editor.MessageSendEditor",
                        "receiver": "Pan2",
                        "method": "ar",
                        "arguments": [
                            "snd",
                            "pan"
                        ],
                        "disabled": false
                    },
                    "disabled": false
                },
                {
                    "_contentType": "ponticello.sc.editor.MessageSendEditor",
                    "receiver": "Out",
                    "method": "ar",
                    "arguments": [
                        "out",
                        "snd"
                    ],
                    "disabled": false
                }
            ],
            "_type": "ponticello.sc.editor.CodeBlockEditor"
        },
        "controlArguments": {}
    }
}