{
    "type": "ponticello.model.obj.CustomizableSynthDefObject",
    "name": "reverb",
    "parameters": {
        "rt60": {
            "type": "numerical",
            "defaultValue": "1",
            "min": "0",
            "max": "10",
            "warp": "lin",
            "step": "0.1",
            "associatedColor": "0x800000ff"
        },
        "mix": {
            "type": "numerical",
            "defaultValue": "0.33",
            "min": "0",
            "max": "1",
            "warp": "lin",
            "step": "0.01",
            "associatedColor": "0xffff00ff",
            "inlineDisplay": true,
            "attackRelease": true
        },
        "bus": {
            "type": "bus",
            "rate": "Audio",
            "channels": 2
        },
        "stereo": {
            "type": "numerical",
            "defaultValue": "0",
            "min": "0",
            "max": "1",
            "warp": "lin",
            "step": "0.05"
        }
    },
    "color": "0x008000ff",
    "ugenGraph": {
        "editor": {
            "variables": [
                "snd"
            ],
            "statements": [
                {
                    "_contentType": "ponticello.sc.editor.AssignmentEditor",
                    "assignee": "snd",
                    "expression": {
                        "_contentType": "ponticello.sc.editor.MessageSendEditor",
                        "receiver": "In",
                        "method": "ar",
                        "arguments": [
                            "bus",
                            "2"
                        ],
                        "disabled": false
                    },
                    "disabled": false
                },
                {
                    "_contentType": "ponticello.sc.editor.AssignmentEditor",
                    "assignee": "snd",
                    "expression": {
                        "_contentType": "ponticello.sc.editor.MessageSendEditor",
                        "receiver": "NHHall",
                        "method": "ar",
                        "arguments": [
                            "snd",
                            "rt60",
                            {
                                "_contentType": "ponticello.sc.editor.NamedExprEditor",
                                "name": "stereo",
                                "value": "stereo",
                                "disabled": false
                            }
                        ],
                        "disabled": false
                    },
                    "disabled": false
                },
                {
                    "_contentType": "ponticello.sc.editor.MessageSendEditor",
                    "receiver": "XOut",
                    "method": "ar",
                    "arguments": [
                        "bus",
                        "mix",
                        "snd"
                    ],
                    "disabled": false
                }
            ],
            "_type": "ponticello.sc.editor.CodeBlockEditor"
        },
        "controlArguments": {}
    }
}